No.,お題
1,犬
2,猫
3,ライオン
4,カブトムシ
5,人間
6,ゾウ
7,蛇
8,鳥
9,カエル
10,ウサギ
11,ウマ
12,ウシ
13,ブタ
14,ヒツジ
15,ヤギ
16,ニワトリ
17,ネズミ
18,サル
19,クマ
20,シカ
21,キツネ
22,タヌキ
23,リス
24,トラ
25,カメ
26,コウモリ
27,虫
28,セミ
29,トンボ
30,バッタ
31,カマキリ
32,アリ
33,ハチ
34,クモ
35,ゴキブリ
36,テントウムシ
37,ホタル
38,ダンゴムシ
39,クジラ
40,サメ
41,タコ
42,イカ
43,カニ
44,エビ
45,クラゲ
46,貝
47,ヒトデ
48,ウニ
49,空
50,雷
51,川
52,海
53,陸
54,雨
55,雪
56,虹
57,信号機
58,電気
59,水道
60,道路
61,ガス
62,電柱
63,橋
64,トンネル
65,ティッシュペーパー
66,トイレ
67,ベッド
68,枕
69,タオル
70,歯ブラシ
71,傘
72,ゴミ箱
73,帽子
74,ジャケット
75,イヤリング
76,靴下
77,マスク
78,靴
79,ネクタイ
80,指輪
81,電子レンジ
82,炊飯器
83,冷蔵庫
84,エアコン
85,アイロン
86,テレビ
87,洗濯機
88,掃除機
89,椅子
90,テーブル
91,ソファー
92,鏡
93,タンス
94,本棚
95,カーテン
96,机
97,フライパン
98,まな板
99,包丁
100,スプーン
101,フォーク
102,箸
103,お玉
104,やかん
105,ペン
106,消しゴム
107,鉛筆
108,ハサミ
109,クレヨン
110,定規
111,ノート
112,ホッチキス
113,リンゴ
114,魚
115,牛肉
116,カボチャ
117,きのこ
118,卵
119,パン
120,いちご
121,米
122,和食
123,中華料理
124,洋食
125,鍋料理
126,味噌汁
127,焼き肉
128,天ぷら
129,弁当
130,プール
131,黒板
132,裁縫セット
133,絵の具
134,リコーダー
135,図書室
136,給食
137,ランドセル
138,ピアノ
139,ギター
140,ドラム
141,マイク
142,タンバリン
143,バイオリン
144,トランペット
145,太鼓
146,口
147,頭
148,足
149,心臓
150,髪の毛
151,目
152,耳
153,歯
154,車
155,電車
156,救急車
157,飛行機
158,ヘリコプター
159,戦車
160,自転車
161,船
162,パソコン
163,スマートフォン
164,充電器
165,ゲーム機
166,リモコン
167,カメラ
168,プリンター
169,タブレット
170,銃
171,剣
172,斧
173,バール
174,手榴弾
175,チェーンソー
176,弓矢
177,爆弾
178,警察
179,スポーツ選手
180,歌手
181,大工
182,美容師
183,医者
184,消防士
185,パイロット
186,警察署
187,スーパー
188,デパート
189,駅
190,図書館
191,監獄
192,病院
193,空港
194,サービスエリア
195,テーマパーク
196,公園
197,温泉
198,砂漠
199,島
200,宇宙
201,森
202,日本
203,たばこ
204,ビール
205,コーヒー
206,緑茶
207,ケーキ
208,ワイン
209,チョコレート
210,アイスクリーム
211,塩
212,しょうゆ
213,マヨネーズ
214,七味
215,からし
216,砂糖
217,ケチャップ
218,わさび
219,バスケットボール
220,野球
221,テニス
222,スケート
223,スキー
224,サッカー
225,卓球
226,水泳
227,マラソン選手
228,警察官
229,天気予報士
230,看護師
231,自衛隊
232,アイドル
233,社長
234,赤ちゃん
235,学校
236,会社
237,裁判所
238,スポーツチーム
239,大学
240,消防署
241,爪切り
242,アルコール消毒
243,絆創膏
244,ウェットティッシュ
245,綿棒
246,体温計
247,包帯
248,ハンドソープ
249,アニメ
250,漫画
251,アーティスト
252,お笑い芸人
253,ダンス
254,ドラマ
255,映画
256,音楽
257,HIPHOP
258,バンド
259,青春
260,バトル
261,ミステリー
262,コメディ
263,ホラー
264,ファンタジー
265,イヤホン
266,ヘッドフォン
267,トランプ
268,携帯ゲーム機
269,ワックス
270,キーホルダー
271,眼鏡
272,鍵
273,動画
274,雑誌
275,DVD
276,SNS
277,本
278,通販
279,ニュース
280,ラジオ
281,白
282,赤
283,青
284,黒
285,黄色
286,緑
287,ピンク
288,金色
289,ペットボトル
290,アルミ缶
291,紙コップ
292,ビン
293,ダンボール
294,水筒
295,タッパー
296,袋
297,地震
298,津波
299,雪崩
300,火事
301,病気
302,洪水
303,噴火
304,停電
305,スコップ
306,種
307,庭
308,土
309,盆栽
310,じょうろ
311,肥料
312,花壇
313,月曜日
314,火曜日
315,水曜日
316,木曜日
317,金曜日
318,土曜日
319,日曜日
320,月
321,太陽
322,惑星
323,星
324,雲
325,地球
326,流れ星
327,ブラックホール
328,カラオケ
329,ボウリング
330,ダーツ
331,ネットカフェ
332,居酒屋
333,ゲームセンター
334,映画館
335,水族館
336,昭和
337,平成
338,令和
339,江戸時代
340,明治時代
341,縄文時代
342,戦国武将
343,侍
344,忍者
345,三国志
346,刀
347,手裏剣
348,巻物
349,鎧
350,オオクワガタ
351,チワワ
352,オオカミ
353,スズメバチ
354,マグロ
355,イルカ
356,パンダ
357,ペンギン
358,キリン
359,カンガルー
360,コアラ
361,柴犬
362,ハムスター
363,ゴリラ
364,カバ
365,シマウマ
366,ワニ
367,ラクダ
368,ナマケモノ
369,アルパカ
370,アゲハチョウ
371,ミツバチ
372,カタツムリ
373,ウミガメ
374,ラッコ
375,金魚
376,コーラ
377,ドクターペッパー
378,ポカリスエット
379,アクエリアス
380,カルピス
381,オロナミンC
382,午後の紅茶
383,エナジードリンク
384,ファンタ
385,三ツ矢サイダー
386,リポビタンD
387,ディズニーランド
388,ユニバーサル・スタジオ・ジャパン(USJ)
389,東京タワー
390,富士山
391,金閣寺
392,東京スカイツリー
393,大阪
394,京都
395,北海道
396,沖縄
397,東京
398,ハワイ
399,アメリカ
400,大谷翔平
401,木村拓哉
402,櫻井翔
403,マイケル・ジャクソン
404,明石家さんま
405,ダウンタウン
406,ビートたけし
407,イチロー
408,羽生結弦
409,タモリ
410,米津玄師
411,あいみょん
412,さくら
413,バラ
414,ひまわり
415,チューリップ
416,竹
417,紅葉
418,たんぽぽ
419,サボテン
420,マリオ
421,ポケットモンスター
422,ドラゴンクエスト
423,ゼルダの伝説
424,星のカービィ
425,桃太郎電鉄
426,ファイナルファンタジー
427,大乱闘スマッシュブラザーズ
428,テトリス
429,すごろく
430,ピカチュウ
431,ルイージ
432,モンキー・D・ルフィ
433,孫悟空
434,ミッキーマウス
435,ドラえもん
436,アンパンマン
437,クレヨンしんちゃん
438,ハローキティ
439,スヌーピー
440,サザエさん
441,くまのプーさん
442,ワンピース
443,ナルト
444,ドラゴンボール
445,鬼滅の刃
446,進撃の巨人
447,名探偵コナン
448,ちびまる子ちゃん
449,美少女戦士セーラームーン
450,ガンダム
451,プリキュア
452,君の名は。
453,となりのトトロ
454,スタジオジブリ
455,MARVEL(マーベル)
456,ディズニー
457,ハリー・ポッター
458,スター・ウォーズ
459,ジュラシック・パーク
460,千と千尋の神隠し
461,ゴジラ
462,ピクサー
463,少年ジャンプ
464,少女漫画
465,コロコロコミック
466,四コマ漫画
467,スラムダンク
468,ブラック・ジャック
469,マクドナルド
470,ケンタッキーフライドチキン
471,牛丼屋
472,回転寿司
473,ファミレス
474,スターバックス
475,サイゼリヤ
476,モスバーガー
477,ミスタードーナツ
478,喫茶店
479,コンビニ
480,ガソリンスタンド
481,競馬場
482,カジノ
483,運動場
484,スタジアム
485,パチンコ店
486,東京ドーム
487,高速道路
488,ショッピングモール
489,銭湯
490,交番
491,織田信長
492,ペリー
493,坂本龍馬
494,福沢諭吉
495,徳川家康
496,聖徳太子
497,エジソン
498,ラーメン
499,カレーライス
500,カツ丼
501,おでん
502,そうめん
503,そば
504,うどん
505,生姜焼き定食
506,おにぎり
507,鮭
508,寿司
509,ハンバーグ
510,ソニー
511,任天堂
512,トヨタ自動車
513,ユニクロ
514,Google
515,Amazon
516,YouTube
517,LINE
518,ニトリ
519,ダイソー
520,セブンイレブン
521,インスタント食品
522,レトルト食品
523,缶詰
524,カップラーメン
525,冷凍食品
526,ポッキー
527,きのこの山
528,ガリガリ君
529,うまい棒
530,ハッピーターン
531,プリン
532,ヨーグルト
533,納豆
